LastName,FirstName,Department,Office
Bramar,Mat,Administration,3100
Carrara,Lise,Administration,3420
Celio,Nicolai,Administration,3430
Florez,Geneviere,Administration,3340
Forluniau,Carla,Administration,2175
Frost,Jeanetts,Administration,1000
Holly,Jama,Administration,2410
Klinger,Evangeline,Administration,3360
Lagos,Linda,Administration,3210
Lais,Cornelia,Administration,3500
Mies Haber,Ruscella,Administration,2110
Pantanal,Rachel,Administration,3140
Pavone,Emma,Administration,3150
Ribera,Anda,Administration,3110
Seifert,Tifany,Administration,3515
Alinari,Marcella,Engineering,2370
Azada,Lars,Engineering,2535
Balas,Felix,Engineering,2530
Battles,Tamica,Engineering,2470
Borrasca,Isande,Engineering,2355
Bueno,Penney,Engineering,2140
Calzas,Axel,Engineering,2430
Carrara,Tore,Engineering,2375
Cassano,Mikael,Engineering,2630
Cazar,Gustav,Engineering,2620
Dedos,Lidelse,Engineering,2100
Finney,Yuko,Engineering,2460
Frente,Birgitta,Engineering,2525
Frente,Vira,Engineering,2380
Grogan,Latasha,Engineering,2135
Hagan,Tawana,Engineering,2515
Hatchett,Virgil,Engineering,2555
Mata,Felipe,Engineering,2120
Minto,Esperanza,Engineering,2520
Nielson,Karole,Engineering,2550
Nubarron,Adra,Engineering,2510
Omalla,Verla,Engineering,2130
Onda,Marin,Engineering,2400
Orilla,Kare,Engineering,2360
Orilla,Elsa,Engineering,2420
Parrino,Silvio,Engineering,2125
Pinckney,Antonia,Engineering,2545
Quiroz,Twana,Engineering,2575
Reynoso,Walton,Engineering,2450
Ridenour,Berry,Engineering,2540
Simonides,Jacobo,Engineering,2625
Tempestad,Brand,Engineering,2505
Vico,Apostolis,Engineering,2440
Whaley,Clemencia,Engineering,2560
Barranco,Ingrid,Executive,3120
Blue,Hobert,Executive,3350
Campo-Corrente,Ada,Executive,3130
Edward,Earlean,Executive,3300
Mintz,Emil,Executive,3220
Orosco,Lenna,Executive,3320
Ovan,Bertrand,Executive,3370
Sanjorge Jr.,Sten,Executive,3000
Strum,Orhan,Executive,3200
Vasco-Pais,Willem,Executive,3160
Arpa,Emile,Facilities,1070
Awelon,Varro,Facilities,1070
Basham,Nerissa,Facilities,2230
Bennett,Loretta,Facilities,2345
Coginian,Dante,Facilities,2260
Davies,Effie,Facilities,2655
Gerard,Ariane,Facilities,1070
Hafon,Albina,Facilities,2320
Hawelon,Benito,Facilities,2210
Hawelon,Claudio,Facilities,2240
Kinney,Cari,Facilities,2220
Kirchner,Fairy,Facilities,2270
Mies,Henk,Facilities,2250
Morlun,Valeria,Facilities,2300
Morlun,Adan,Facilities,2660
Morluniau,Cecilia,Facilities,2310
Mullen,Boyd,Facilities,2350
Nant,Irene,Facilities,1110
Paredes,Raye,Facilities,1110
Scozzese,Dylan,Facilities,1110
Shipp,Caterina,Facilities,2340
Song,Thanh,Facilities,1070
Staley,Chi,Facilities,1110
Young,Patrick,Facilities,3230
Adair,Faviola,HR,3450
Beebe,Pamala,HR,3310
Ratigan,Padraic,HR,3460
Alcazar,Lucas,Information Technology,2165
Arlotti,Ilario,Information Technology,2570
Bagani,Luis,Information Technology,2580
Bagni,Sisto,Information Technology,2565
Baza,Isak,Information Technology,2145
Bello,Erminia,Information Technology,2610
Bergen,Linnea,Information Technology,2200
Calixto,Nils,Information Technology,2155
Coronado,Zena,Information Technology,2635
Faraldo,Raphale,Information Technology,2650
Flecha,Sven,Information Technology,2160
Florez,Sanna,Information Technology,2605
Lowery,Sharika,Information Technology,2615
Ovan,Isaia,Information Technology,2590
Sinagra,Spyro,Information Technology,2595
Solos,Celestina,Information Technology,2585
Unger,Jae,Information Technology,2640
Whelan,Cyrus,Information Technology,2600
Bartley,Doretha,Security,2170
Canada,Mi,Security,2170
Castellanos,Janene,Security,2170
Cocinaro,Hideki,Security,2170
Fusil,Stenig,Security,1010
Herrero,Kanon,Security,2170
Holiday,Summer,Security,2170
Kemp,Paulita,Security,2170
Lagos,Varja,Security,1020
Lea,Sherell,Security,2170
Nardi,Adalberto,Security,2170
Nespola,Jonas,Security,2170
Notaro,Mathias,Security,2170
Pherigo,Alcide,Security,1100
Resumir,Felix,Security,3410
Rhoads,Dong,Security,2170
Salvay,Selma,Security,2170
Shultz,Merna,Security,2170
Sowell,Xiomara,Security,2170
Vann,Edvard,Security,1090
Vollan,Mihalis,Security,2170
